{"area_name_en": {"AL Athbah": 4187787.1666666665, "AL MIZHAR FOURTH": 2263160.0, "AL QUSAIS": 9090161.785714285, "AL TWAR FIFTH": 3204338.652892562, "Abu Hail": 1493736.2387543253, "Al Asbaq": 4186153.846153846, "Al Aweer First": 3792766.1875, "Al Aweer Second": 5379228.1375, "Al Bada": 3524014.6007556673, "Al Baharna": 1260000.0, "Al Baraha": 5086094.895238095, "Al Barsha": 1869579.1958762887, "Al Barsha First": 6011596.47318236, "Al Barsha Second": 3813403.7751351353, "Al Barsha South Fifth": 1306869.7667832638, "Al Barsha South Fourth": 1109348.4254140866, "Al Barsha Third": 4108422.351441242, "Al Barshaa South First": 3738651.1, "Al Barshaa South Second": 1425506.4192594497, "Al Barshaa South Third": 986376.2757571435, "Al Buteen": 8363599.238938053, "Al Dhagaya": 4377006.993103448, "Al Eyas": 7190966.769230769, "Al Faga'A": 14000000.0, "Al Fahidi": 2000000.0, "Al Garhoud": 6692650.722772277, "Al Goze First": 2166376.265129683, "Al Goze Fourth": 914412.8156326674, "Al Goze Industrial First": 10870849.285714285, "Al Goze Industrial Fourth": 8506000.083333334, "Al Goze Industrial Second": 11082071.5625, "Al Goze Industrial Third": 12474673.64, "Al Goze Third": 17126908.230769232, "Al Hamriya": 5678770.081560284, "Al Hebiah Fifth": 1936535.8683778872, "Al Hebiah First": 1455259.8268107672, "Al Hebiah Fourth": 1566143.4189065013, "Al Hebiah Second": 1271334.1737413623, "Al Hebiah Sixth": 2596005.4570063693, "Al Hebiah Third": 2060281.2279911062, "Al Hudaiba": 4424007.34375, "Al Jadaf": 2919162.035358772, "Al Jafliya": 2990408.7663934426, "Al Karama": 6031663.523923445, "Al Khabeesi": 6005348.055172414, "Al Khairan First": 2319027.6917346893, "Al Khawaneej": 2510754.3804347827, "Al Khawaneej First": 4445687.712309821, "Al Khawaneej Second": 5221484.32, "Al Kheeran": 3078531.5731857317, "Al Kifaf": 2516667.9190897597, "Al Lusaily": 3586846.380952381, "Al Maha": 7144791.333333333, "Al Mamzer": 7137482.004975124, "Al Manara": 5935523.901960785, "Al Mararr": 6348531.690573771, "Al Merkadh": 2030401.1751259086, "Al Mizhar": 695397.1785714285, "Al Mizhar First": 2950842.006535948, "Al Mizhar Second": 2944576.1494252873, "Al Mizhar Third": 4008771.4680851065, "Al Murqabat": 6906211.389312977, "Al Musalla (Dubai)": 2683176.2, "Al Muteena": 3068910.194899818, "Al Nahda First": 15246882.162790697, "Al Nahda Second": 9128683.112840466, "Al Qoaz": 1901380.4, "Al Qusais": 3208279.1914893617, "Al Qusais Industrial Fifth": 16435029.353846153, "Al Qusais Industrial First": 11399385.94736842, "Al Qusais Industrial Fourth": 4572050.261437909, "Al Qusais Industrial Second": 12756732.909090908, "Al Qusais Industrial Third": 9995653.285714285, "Al Raffa": 5252507.470422535, "Al Ras": 5127741.767857143, "Al Rashidiya": 1626242.6906077347, "Al Rega": 8317246.71875, "Al Rowaiyah First": 7579232.125, "Al Rowaiyah Third": 12143774.5, "Al Ruwayyah": 2700718.981873112, "Al Sabkha": 6961556.705882353, "Al Safaa": 1366945.607142857, "Al Saffa First": 6766707.384615385, "Al Saffa Second": 5451930.10041841, "Al Safouh First": 2560535.562601626, "Al Safouh Second": 5565357.43287037, "Al Satwa": 3687321.1673753383, "Al Suq Al Kabeer": 6337893.340625, "Al Thanayah Fourth": 2888368.6772760027, "Al Thanyah Fifth": 1647554.60801366, "Al Thanyah First": 1638636.6127082652, "Al Thanyah Third": 1865188.742200489, "Al Ttay": 16316125.4765625, "Al Twar First": 2098002.0489130435, "Al Twar Fourth": 1269159.7992565057, "Al Twar Second": 2742538.290322581, "Al Twar Third": 3048905.1215686277, "Al Waheda": 1515881.1495726495, "Al Warqa First": 8407851.139423076, "Al Warqa Fourth": 3104123.1341463416, "Al Warqa Second": 2881380.885135135, "Al Warqa Third": 2060527.2820037105, "Al Warsan First": 596441.4184624724, "Al Warsan Second": 7316724.965811966, "Al Warsan Third": 1463164.5643564356, "Al Wasl": 3495535.5370464996, "Al Yelayiss 1": 2425292.1208570986, "Al Yelayiss 2": 1215987.5494735618, "Al Yelayiss 4": 4186888.0, "Al Yufrah 1": 3465671.8403501, "Al Yufrah 2": 1467742.9230203931, "Al Yufrah 3": 1344190.036116045, "Al Yufrah 4": 16107900.0, "Al-Aweer": 2374731.8214285714, "Al-Bastakiyah": 1833333.3333333333, "Al-Cornich": 1133746.0, "Al-Muhaisnah North": 396428.5714285714, "Al-Murar Jadeed": 2652704.5454545454, "Al-Murar Qadeem": 3505152.512195122, "Al-Musalla (Deira)": 1750000.0, "Al-Mustashfa West": 9000000.0, "Al-Nahdah": 21600000.0, "Al-Nakhal": 3403692.222222222, "Al-Raulah": 6855757.142857143, "Al-Riqqa East": 5396311.111111111, "Al-Riqqa West": 3961111.8333333335, "Al-Safiyyah": 1124583.3333333333, "Al-Shumaal": 4385580.857142857, "Al-Souq Al Kabeer (Deira)": 1846666.0, "Al-Tawar": 1325167.5, "Al-Zarouniyyah": 1909875.0, "Bukadra": 2224641.9340282357, "Bur Dubai": 1350000.0, "Burj Khalifa": 2722295.98024505, "Burj Nahar": 2003157.894736842, "Business Bay": 1681532.0470502975, "Dubai International Airport": 13333916.666666666, "Dubai Investment Park First": 2094165.7114970381, "Dubai Investment Park Second": 3272135.986799095, "Eyal Nasser": 5380575.252380952, "Ghadeer Al tair": 12712298.06640625, "Grayteesah": 8050119.571428572, "Hadaeq Sheikh Mohammed Bin Rashid": 2821921.7967944867, "Hatta": 11010000.0, "Hessyan First": 1689234.5098468272, "Hessyan Second": 12738429.166666666, "Hor Al Anz": 2425814.339532412, "Hor Al Anz East": 3244101.0524193547, "Island 2": 10642227.370762711, "Jabal Ali": 1060771.969640088, "Jabal Ali First": 1793099.5407673446, "Jabal Ali Industrial First": 11151905.78585086, "Jabal Ali Industrial Second": 889544.8430426716, "Jabal Ali Industrial Third": 14025749.1, "Jabal Ali Third": 22182768.0, "Jumeirah": 2902400.430107527, "Jumeirah First": 4425176.338586681, "Jumeirah Second": 8840152.029925186, "Jumeirah Third": 5753956.875, "Lehbab": 4090129.4897959186, "Lehbab First": 8226583.214285715, "Lehbab Second": 5802761.928571428, "Madinat Al Mataar": 1936109.3637293528, "Madinat Dubai Almelaheyah": 2554603.3573222565, "Madinat Hind 1": 9543245.333333334, "Madinat Hind 2": 14114181.0, "Madinat Hind 3": 1400000.0, "Madinat Hind 4": 1499201.7273061376, "Mankhool": 7120788.674311927, "Margham": 3939854.580645161, "Marsa Dubai": 2302027.8261181135, "Me'Aisem First": 1632109.8920675628, "Me'Aisem Second": 15092946.840353262, "Mena Jabal Ali": 6304658.285714285, "Mirdif": 2451328.1487910724, "Muhaisanah First": 1878779.08068903, "Muhaisanah Fourth": 10186106.670731707, "Muhaisanah Second": 7923621.2272727275, "Muhaisanah Third": 2227400.6070528966, "Muhaisna": 929487.625, "Muragab": 4810326.333333333, "Nad Al Hamar": 3908739.9776744186, "Nad Al Shiba": 1372783.01265032, "Nad Al Shiba First": 4422299.136852821, "Nad Al Shiba Fourth": 7519575.4, "Nad Al Shiba Second": 8578760.0, "Nad Al Shiba Third": 2799226.2138133724, "Nad Rashid": 711048.9795918367, "Nad Shamma": 2268555.1470588236, "Nadd Hessa": 872533.5865775264, "Naif": 5472359.171806168, "Naif North": 4416666.666666667, "Naif South": 7700000.0, "Nazwah": 463305.0, "Oud Metha": 12431618.333333334, "Palm Deira": 4302658.377731092, "Palm Jabal Ali": 20414413.264150944, "Palm Jumeirah": 4022781.65816886, "Port Saeed": 2979812.3392592594, "Ras Al Khor": 10714521.19047619, "Ras Al Khor Industrial First": 2488438.6982574137, "Ras Al Khor Industrial Second": 6625803.4952380955, "Ras Al Khor Industrial Third": 8357733.090909091, "Rega Al Buteen": 1828686.3483146068, "Saih Aldahal": 1473393.0, "Saih Shuaib 1": 1833567.4845516202, "Saih Shuaib 2": 2597409.7280650786, "Saih Shuaib 3": 11849092.09574468, "Saih Shuaib 4": 9312795.5, "Sikkat Al Khail North": 5083612.5, "Sikkat Al Khail South": 1779166.75, "Tawaa Al Sayegh": 11419041.833333334, "Tawi Al Muraqqab": 3042469.705882353, "Trade Center First": 4122857.224489796, "Trade Center Second": 4229313.891815616, "Um Al Sheif": 7908265.553054662, "Um Hurair First": 12469927.409090908, "Um Hurair Second": 3238101.6175115206, "Um Ramool": 8318938.342857143, "Um Suqaim": 2001091.7159090908, "Um Suqaim First": 6183712.924205379, "Um Suqaim Second": 5541085.663793104,